"Lot.Number","Family","Production.Date","Production.Set.Point.A","Production.Set.Point.B","Production.Set.Point.C","Production.Set.Point.D","Growth.Time.A","Growth.Slope.A","Growth.Slope.B","Growth.Max","Growth.Slope.C","Growth.Time.B","Protein.Conc.A","Protein.C","Protein.Conc.D","Adjuvent.Conc","Potency.Test.Date","Inflection","Potency","prod_year","prod_week","Prod_date","pot_year","pot_week","Potency_date","Vacc_age","corrected_potency","Protein.Conc.B_KNNimputed","Protein.Conc.C_KNNimputed","log_corrected_potency"
467,"A","2013W38",36.4,36.2,205,15,114,39.9328835,45.3346867,645.275574,-41.203434,891,11.474216667,65,106,1.2663,"2013W44",7.08,95.1,2013,38,"2013-09-19",2013,44,"2013-10-30",41,95.1,0.789,3.036,4.55492896955134
469,"A","2013W39",36.4,36.2,205,15,110,39.5030936,43.0861083,644.67627,-40.599589,908,10.439156667,64.8,105,1.3104,"2013W44",7.02,91.39,2013,39,"2013-09-26",2013,44,"2013-11-03",38,91.39,0.789,3.036,4.51513606328411
470,"A","2013W40",36.4,36.2,205,15,111,38.692637,47.3786411,650.334473,-41.090756,914,8.9566566667,61.033333333,99,1.3167,"2013W44",5.33,71.8,2013,40,"2013-10-01",2013,44,"2013-10-30",29,71.8,0.74,2.563,4.27388447605418
1,"B","2014W37",36.5,36.2,205,15,110,39.6560098,35.2519651,624.258972,-40.334855,910,8.3702066667,62.966666667,92,1.3,"2014W42",62.21,186.95,2014,37,"2014-09-10",2014,42,"2014-10-20",40,110.621301775148,0.8479,2.9289,4.70611267248814
533,"A","2014W46",36.5,36.2,205,15,108,39.9743663,31.0297904,627.274292,-40.515465,938,7.6467066667,61.133333333,84,1.3628,"2015W05",12.85,139.87,2014,46,"2014-11-14",2015,5,"2015-01-30",77,139.87,0.9503,3.1975,4.94071341979121
535,"A","2014W50",36.5,36.2,205,15,109,40.8563074,28.1342117,618.082214,-40.411128,929,8.6602966667,57.166666667,85,1.3788,"2015W10",10.48,140.89,2014,50,"2014-12-12",2015,10,"2015-03-06",84,140.89,0.9503,2.9289,4.94797944406519
538,"A","2014W52",36.5,36.2,205,15,107,41.4397122,30.6477318,618.010498,-41.215559,898,9.2521266667,59.566666667,85,1.4,"2015W10",9.83,130.53,2014,52,"2014-12-24",2015,10,"2015-03-10",76,130.53,0.9503,3.1955,4.8716030854007
537,"A","2014W51",36.5,36.2,205,15,106,39.3870674,24.7465621,606.206421,-39.097949,953,8.0941933333,60.2,83,1.401,"2015W13",12.02,159.43,2014,51,"2014-12-19",2015,13,"2015-03-27",98,159.43,0.9503,2.9289,5.07160495441927
544,"A","2015W05",36.5,36.2,205,15,109,39.5305867,19.4498512,593.700195,-37.928357,970,8.2476866667,52.566666667,85,1.3662,"2015W13",11.05,144.44,2015,5,"2015-01-29",2015,13,"2015-03-31",61,144.44,0.898,2.9289,4.97286419640926
539,"A","2015W01",36.5,36.2,205,15,106,40.8009707,31.5784023,618.296814,-40.778149,916,8.9183033333,65.5,92,1.4,"2015W14",11.81,157.69,2015,1,"2015-01-01",2015,14,"2015-04-03",92,157.69,0.9476,3.1955,5.0606310804175
540,"A","2015W02",36.5,36.2,205,15,114,37.7913208,11.6434116,565.423218,-36.388027,1004,8.8165,46.366666667,93,1.3277,"2015W14",9.61,129.77,2015,2,"2015-01-10",2015,14,"2015-04-07",87,129.77,0.898,2.775,4.86576365274914
542,"A","2015W03",36.5,36.2,205,15,112,42.2871978,22.7624224,604.749207,-39.7804,926,9.1325233333,52.633333333,91,1.3842,"2015W14",11.63,155.57,2015,3,"2015-01-17",2015,14,"2015-04-03",76,155.57,0.9503,2.9289,5.04709579109903
550,"A","2015W07",36.5,36.2,205,15,108,39.6153253,23.5261288,608.407227,-39.067223,958,7.8564966667,52.566666667,85,1.3611,"2015W18",9.91,129.97,2015,7,"2015-02-14",2015,18,"2015-05-01",76,129.97,0.898,2.9289,4.8673036545935
546,"A","2015W05",36.5,36.2,205,15,113,41.0107026,18.8790875,596.04541,-38.283931,947,7.93449,50.866666667,91,1.3844,"2015W19",10.79,140.89,2015,5,"2015-02-02",2015,19,"2015-05-08",95,140.89,0.898,2.9289,4.94797944406519
547,"A","2015W06",36.5,36.2,205,15,110,37.6372402,14.4630775,587.828613,-37.249002,1031,7.9927166667,48.466666667,89,1.3817,"2015W19",11.48,112.83,2015,6,"2015-02-05",2015,19,"2015-05-12",96,112.83,1.0146666667,2.9289,4.72588226115036
552,"A","2015W08",36.5,36.2,205,15,110,40.4127359,26.2655173,628.154114,-39.286753,955,8.8567233333,54.633333333,93,1.4447,"2015W27",13.64,178.86,2015,8,"2015-02-21",2015,27,"2015-07-03",132,178.86,0.9503,2.9289,5.18660337691804
551,"A","2015W08",36.5,36.2,205,15,107,42.424534,35.098212,640.987976,-42.201624,907,9.8911466667,57.666666667,92,1.3855,"2015W31",10.5,136.79,2015,8,"2015-02-19",2015,31,"2015-07-31",162,136.79,1.041,3.5948,4.91844690310135
543,"A","2015W04",36.5,36.2,205,15,108,40.9318769,20.1283644,595.936279,-38.457706,948,7.9761266667,52.633333333,86,1.369,"2015W34",16.97,120.51,2015,4,"2015-01-22",2015,34,"2015-08-25",215,120.51,0.898,2.9289,4.7917327370393
545,"A","2015W05",36.5,36.2,205,15,112,41.6291835,18.5451707,593.222107,-38.435513,946,8.2662466667,49.5,85,1.3602,"2015W36",12.72,169.67,2015,5,"2015-01-31",2015,36,"2015-09-04",216,169.67,0.898,2.9289,5.13385537405485
549,"A","2015W07",36.5,36.2,205,15,109,39.7220329,22.7509333,618.043396,-40.287288,980,8.5370366667,50.4,90,1.3956,"2015W38",17.34,128.4,2015,7,"2015-02-12",2015,38,"2015-09-18",218,128.4,0.898,2.9289,4.85515039125586
553,"A","2015W09",36.5,36.2,205,15,109,38.215501,26.4701806,626.307983,-39.455433,986,7.6565833333,50.933333333,94,1.3823,"2015W38",17.19,133.86,2015,9,"2015-02-26",2015,38,"2015-09-22",208,133.86,0.898,2.9289,4.8967944776725
554,"A","2015W09",36.5,36.2,205,15,108,39.8516159,24.7586525,621.828674,-40.026875,973,8.94441,46.133333333,88,1.3759,"2015W38",16.74,136.51,2015,9,"2015-02-28",2015,38,"2015-09-18",202,136.51,0.898,2.9289,4.91639787201489
555,"A","2015W10",36.5,36.2,205,15,111,41.1105712,25.7814515,619.04718,-40.000562,943,5.96407,51.5,91,1.4076,"2015W40",18.23,246.41,2015,10,"2015-03-05",2015,40,"2015-10-02",211,246.41,0.9503,2.9289,5.50699681525142
556,"A","2015W11",36.5,36.2,205,15,108,40.0432849,24.9041519,621.872498,-39.743371,961,6.49087,54.466666667,79,1.3612,"2015W40",16.44,151.08,2015,11,"2015-03-12",2015,40,"2015-10-06",208,151.08,0.9503,2.9289,5.01780949784426
77,"B","2015W50",36.5,36.3,205,15,102,33.1388965,36.9549272,629.721191,-39.273766,1118,6.5896133333,47.933333333,73,1.279277,"2016W09",50.8,123.67,2015,50,"2015-12-10",2016,9,"2016-03-02",83,73.1775147928994,0.898,2.9289,4.29288819881898
548,"A","2015W06",36.5,36.2,205,15,109,41.5164548,32.7241917,638.529297,-41.946302,921,5.53237,59,96,1.3693,"2016W14",17.53,125.65,2015,6,"2015-02-07",2016,14,"2016-04-02",420,125.65,0.9476,3.1955,4.8335002639896
79,"B","2015W52",36.5,36.3,205,15,110,37.7183128,50.7234487,623.087585,-44.202138,1004,10.330076667,63.9,102,1.235112,"2016W16",73.05,164.39,2015,52,"2015-12-24",2016,16,"2016-04-16",114,97.2721893491124,1.13,4.081,4.57751312458644
78,"B","2015W51",36.5,36.3,205,15,110,39.1271963,52.664451,636.557617,-44.830251,969,10.098073333,69.2,107,1.272906,"2016W17",58.59,156.34,2015,51,"2015-12-17",2016,17,"2016-04-27",132,92.508875739645,1.13,4.4279,4.5273045938572
80,"B","2016W01",36.5,36.3,205,15,102,38.1262104,51.1725618,627.287476,-45.294374,1092,10.94284,60.2,112,1.242006,"2016W17",56.67,186.31,2016,1,"2016-01-01",2016,17,"2016-04-23",113,110.242603550296,1.13,4.081,4.70268342409728
81,"B","2016W02",36.5,36.3,205,15,97,36.8831521,47.9246751,640.255615,-44.994766,1047,10.55543,59.066666667,100,1.206937,"2016W17",46.2,150.78,2016,2,"2016-01-08",2016,17,"2016-04-27",110,89.2189349112426,1.13,4.4279,4.49109329184857
82,"B","2016W03",36.5,36.3,205,15,108,36.7541884,48.2161408,607.95813,-44.170328,1003,9.5635566667,67.5,100,1.249729,"2016W18",74.67,205.35,2016,3,"2016-01-15",2016,18,"2016-04-30",106,121.508875739645,1.13,4.4279,4.79998731146759
83,"B","2016W04",36.5,36.3,205,15,96,36.6668429,44.1348852,616.780884,-44.363801,1067,9.02854,62,96,1.275867,"2016W18",61.44,139.4,2016,4,"2016-01-22",2016,18,"2016-05-04",103,82.4852071005917,0.9503,3.1975,4.41261896939144
84,"B","2016W04",36.5,36.3,205,15,105,40.4647652,53.0122559,628.081482,-45.473554,917,11.834906667,73.766666667,117,1.256452,"2016W18",78.94,174.87,2016,4,"2016-01-24",2016,18,"2016-04-30",97,103.473372781065,1.1069,4.081,4.63931431179059
85,"B","2016W05",36.5,36.3,205,15,103,39.5801162,53.0863601,603.80481,-44.833765,942,10.77573,65,115,1.279289,"2016W19",70.26,155.67,2016,5,"2016-01-29",2016,19,"2016-05-07",99,92.1124260355029,1.13,4.081,4.52300985311278
93,"B","2016W09",36.5,36.1,205,15,107,37.3314931,50.2840275,615.477295,-44.33501,981,9.9374466667,65.233333333,108,1.283177,"2016W20",59.2,263.23,2016,9,"2016-02-26",2016,20,"2016-05-14",78,155.757396449704,1.13,3.7357,5.04829964578367
92,"B","2016W08",36.5,36.2,205,15,103,39.1081518,48.7986955,601.604126,-43.948606,946,10.17745,68.366666667,99,1.244948,"2016W23",72.46,234.24,2016,8,"2016-02-21",2016,23,"2016-06-04",104,138.603550295858,1.13,4.081,4.93161770183796
97,"B","2016W11",36.5,36.1,205,15,106,35.9953642,44.3429348,655.883118,-40.705305,978,10.375006667,65.3,105,1.279306,"2016W23",79.88,251,2016,11,"2016-03-11",2016,23,"2016-06-08",89,148.520710059172,1.13,3.7357,5.0007244101968
99,"B","2016W12",36.5,36.1,205,15,110,34.7178281,42.6447574,642.237305,-39.753683,1019,9.5510833333,69.6,105,1.302177,"2016W24",59.55,133.33,2016,12,"2016-03-18",2016,24,"2016-06-11",85,78.8934911242604,1.041,3.5948,4.36809872919239
95,"B","2016W10",36.5,36.1,205,15,81,35.5461041,46.3973913,590.576599,-44.54284,896,10.538576667,66.8,100,1.2664,"2016W26",59.8,179.17,2016,10,"2016-03-04",2016,26,"2016-06-25",113,106.01775147929,1.1069,4.081,4.66360654687683
100,"B","2016W13",36.5,36.1,205,15,111,35.219473,42.9488834,644.069214,-40.029291,1007,10.461786667,70.566666667,108,1.270867,"2016W26",57.27,154.18,2016,13,"2016-03-25",2016,26,"2016-06-29",96,91.2307692307692,1.13,4.081,4.51339222209613
101,"B","2016W13",36.5,36.1,205,15,106,34.8433158,44.2576757,646.145386,-39.842923,1006,10.03719,67.666666667,103,1.262071,"2016W26",52.89,155.06,2016,13,"2016-03-27",2016,26,"2016-06-25",90,91.7514792899408,1.13,3.7357,4.51908360985583
102,"B","2016W14",36.5,36.1,205,15,107,37.7842947,48.3303949,649.624085,-41.206222,933,10.53218,66.666666667,111,1.261557,"2016W26",53.02,171.24,2016,14,"2016-04-01",2016,26,"2016-06-29",89,101.325443786982,1.1069,4.081,4.61833755234176
103,"B","2016W14",36.5,36,205,15,109,34.9552797,37.9719818,636.526428,-39.198406,1018,7.61365,64.366666667,86,1.230589,"2016W26",39.91,131.11,2016,14,"2016-04-03",2016,26,"2016-06-25",83,77.5798816568047,1.041,3.1975,4.35130813657633
104,"B","2016W15",36.5,36,205,15,106,34.7415214,44.0653855,648.824585,-40.055291,1027,10.242466667,61.533333333,102,1.291433,"2016W26",60.66,196.14,2016,15,"2016-04-08",2016,26,"2016-06-29",82,116.059171597633,1.13,3.7357,4.75410016102919
105,"B","2016W15",36.5,36,205,15,113,34.6917076,40.6730797,634.96283,-39.076,1004,9.3988766667,64.3,95,1.286451,"2016W27",59.84,146.14,2016,15,"2016-04-10",2016,27,"2016-07-02",83,86.4733727810651,1.041,3.5948,4.45983653742809
106,"B","2016W16",36.5,36,205,15,112,33.1200343,34.5703872,626.573731,-37.982669,1038,8.5487766667,63.766666667,85,1.239686,"2016W28",61.96,220.77,2016,16,"2016-04-15",2016,28,"2016-07-09",85,130.633136094675,0.898,2.9289,4.87239290667164
107,"B","2016W17",36.5,36,205,15,110,34.8387681,42.4737012,643.657776,-40.192802,1009,11.140863333,65.433333333,101,1.250702,"2016W28",41.93,152.55,2016,17,"2016-04-22",2016,28,"2016-07-13",82,90.2662721893491,1.1315,4.4279,4.5027638822277
108,"B","2016W18",36.5,36,205,15,108,34.3461702,40.8655485,645.581726,-40.339237,1024,9.41168,64.1,91,1.268908,"2016W29",45.5,151.61,2016,18,"2016-04-29",2016,29,"2016-07-20",82,89.7100591715976,1.041,3.5948,4.49658290515851
109,"B","2016W19",36.5,36,205,15,109,35.3603014,40.3248849,637.704712,-39.237993,988,9.2642,66.666666667,94,1.248998,"2016W29",57.16,147.89,2016,19,"2016-05-06",2016,29,"2016-07-16",71,87.508875739645,1.041,3.5948,4.4717402252437
110,"B","2016W20",36.5,36,205,15,109,35.4084526,40.2848058,635.918823,-39.261647,978,9.8935733333,67.633333333,95,1.282538,"2016W30",62.06,180.94,2016,20,"2016-05-13",2016,30,"2016-07-23",71,107.065088757396,1.041,3.5948,4.67343695566261
111,"B","2016W21",36.5,36,205,15,105,33.7506176,35.9332662,628.246521,-37.370601,1064,8.8409766667,60.933333333,93,1.269713,"2016W30",65.47,172.46,2016,21,"2016-05-20",2016,30,"2016-07-27",68,102.047337278107,0.898,3.1975,4.6254367965892
113,"B","2016W23",36.5,35.9,205,15,109,36.0828348,43.4423745,649.203186,-40.566542,974,10.696383333,64.366666667,104,1.293912,"2016W32",52.23,150.11,2016,23,"2016-06-03",2016,32,"2016-08-06",64,88.8224852071006,1.13,4.081,4.4866398297371
114,"B","2016W26",36.5,35.9,205,15,109,33.8505265,36.0322618,632.649414,-37.999862,1044,9.3373466667,57.933333333,84,1.272961,"2016W32",59.63,163.88,2016,26,"2016-06-24",2016,32,"2016-08-10",47,96.9704142011834,0.898,3.1975,4.57440592374369
558,"A","2016W23",36.5,35.9,205,15,110,35.4398389,42.1217663,648.007874,-39.770018,997,10.219893333,61.1,96,1.2273,"2016W33",15.1,175.43,2016,23,"2016-06-05",2016,33,"2016-08-13",69,175.43,1.041,3.5948,5.16724010294109
115,"B","2016W26",36.5,35.9,205,15,110,34.4905152,36.8590349,632.569824,-38.609267,1015,10.061346667,63,89,1.273873,"2016W33",55.43,142.04,2016,26,"2016-06-26",2016,33,"2016-08-17",52,84.0473372781065,1.041,3.7357,4.4313801791399
116,"B","2016W27",36.5,35.9,205,15,108,35.0295839,41.6981406,646.360107,-39.819523,1005,9.93848,63.366666667,106,1.276515,"2016W34",52.73,143.74,2016,27,"2016-07-01",2016,34,"2016-08-20",50,85.0532544378698,1.041,3.5948,4.44327758310531
112,"B","2016W22",36.5,35.9,205,15,109,34.589948,37.9526509,637.160217,-38.937771,1012,8.8354766667,59.766666667,91,1.319455,"2016W36",76.36,207.87,2016,22,"2016-05-27",2016,36,"2016-09-03",99,123,0.9503,2.9289,4.81218435537242
117,"B","2016W27",36.5,35.9,205,15,108,35.3380203,37.9165865,631.787109,-38.599252,987,10.06105,64.133333333,97,1.295992,"2016W36",54.31,138.22,2016,27,"2016-07-03",2016,36,"2016-09-07",66,81.7869822485207,1.041,3.7357,4.40411808972827
118,"B","2016W28",36.5,35.9,205,15,109,35.0579787,38.6026534,636.960815,-39.067801,1001,10.68502,60.6,98,1.276189,"2016W36",56.38,140.46,2016,28,"2016-07-08",2016,36,"2016-09-03",57,83.112426035503,1.1315,3.6633333333,4.42019422179589
119,"B","2016W28",36.5,35.9,205,15,111,34.0160578,36.7036414,625.391724,-37.609041,1010,9.4517566667,60.666666667,88,1.285708,"2016W36",46.04,120.46,2016,28,"2016-07-10",2016,36,"2016-09-07",59,71.2781065088757,0.969,3.1975,4.26658921868059
120,"B","2016W29",36.5,35.9,205,15,112,34.7131129,19.7932729,566.922302,-35.312396,1029,9.6715933333,40.9,82,1.268615,"2016W36",46.71,123.47,2016,29,"2016-07-15",2016,36,"2016-09-03",50,73.0591715976331,0.6116666667,2.5866666667,4.29126968264467
559,"A","2016W24",36.5,35.9,205,15,109,34.2103346,36.9764503,634.93927,-38.768605,1035,9.5748333333,60.166666667,88,1.318,"2016W38",13.88,151.92,2016,24,"2016-06-10",2016,38,"2016-09-17",99,151.92,1.041,3.5948,5.02335406650403
560,"A","2016W24",36.5,35.9,205,15,108,34.088446,36.8662204,633.424927,-38.843201,1021,9.7233,61.366666667,96,1.3169,"2016W38",11.11,116.86,2016,24,"2016-06-12",2016,38,"2016-09-21",101,116.86,1.041,3.5948,4.76097663712629
124,"B","2016W30",36.5,36.1,205,15,112,36.095003,15.9784143,556.235107,-35.419397,1005,7.1776166667,42.066666667,73,1.335724,"2016W38",44.53,114.94,2016,30,"2016-07-26",2016,38,"2016-09-17",53,68.0118343195266,0.7178333333,2.6766666667,4.21968172414461
561,"A","2016W25",36.5,35.9,205,15,104,32.0652624,31.2946113,611.069885,-38.002081,1103,10.18158,57.533333333,95,1.312,"2016W39",7.66,85.09,2016,25,"2016-06-17",2016,39,"2016-09-24",99,85.09,0.8968333333,3.585,4.44370951986147
126,"B","2016W31",36.5,36.1,205,15,118,35.6579368,13.5093986,552.151428,-34.78231,1030,8.6757066667,40.566666667,83,1.32886,"2016W40",46.54,149.77,2016,31,"2016-07-31",2016,40,"2016-10-01",62,88.6213017751479,0.6501666667,2.485,4.48437225506932
132,"B","2016W34",36.5,36.1,205,15,117,33.4298472,18.7584735,575.093384,-35.385159,1077,8.2089166667,44.766666667,85,1.324152,"2016W40",40.1,124.55,2016,34,"2016-08-19",2016,40,"2016-10-05",47,73.698224852071,0.6501666667,2.54,4.29997871277321
121,"B","2016W29",36.5,35.9,205,15,114,34.5784373,16.3456342,558.63208,-33.607086,1036,7.21769,51.966666667,74,1.294126,"2016W41",57.16,174,2016,29,"2016-07-17",2016,41,"2016-10-08",83,102.958579881657,0.7178333333,3.0783333333,4.63432677027955
133,"B","2016W34",36.5,36.1,205,15,114,32.6533971,9.8482781,528.653809,-33.237348,1064,9.54168,37.5,85,1.321375,"2016W41",36.44,111.07,2016,34,"2016-08-21",2016,41,"2016-10-12",52,65.7218934911243,0.6501666667,2.5866666667,4.18543210424405
134,"B","2016W34",36.5,36.3,205,15,114,33.3370975,8.2871017,527.450317,-32.940836,1056,8.6815366667,36.566666667,83,1.314641,"2016W41",45.03,128.61,2016,34,"2016-08-23",2016,41,"2016-10-08",46,76.1005917159763,0.6501666667,2.4583333333,4.33205604034301
125,"B","2016W31",36.5,36.1,205,15,113,36.5916695,16.8315003,563.174011,-36.060559,1016,8.8904733333,44.766666667,80,1.371599,"2016W42",49.54,148.85,2016,31,"2016-07-29",2016,42,"2016-10-15",78,88.0769230769231,0.7505,2.5866666667,4.4782105585268
135,"B","2016W35",36.5,36.3,205,15,111,34.8558386,10.6634838,536.115601,-34.433725,1039,9.6268033333,40.166666667,88,1.319719,"2016W42",41.91,119.72,2016,35,"2016-08-26",2016,42,"2016-10-19",54,70.8402366863905,0.6116666667,2.485,4.26042715404952
136,"B","2016W35",36.5,36.3,205,15,110,38.2874373,18.4399397,587.529785,-38.659838,996,9.31209,48.633333333,89,1.339738,"2016W43",49.14,137.64,2016,35,"2016-08-28",2016,43,"2016-10-22",55,81.4437869822485,0.9503,3.1975,4.3999130519943
123,"B","2016W30",36.5,36.1,205,15,117,36.8470794,17.36451,559.577026,-35.890703,996,9.55816,40.233333333,87,1.344272,"2016W45",45.72,168.08,2016,30,"2016-07-24",2016,45,"2016-11-05",104,99.4556213017752,0.9133333333,2.775,4.59971152760176
142,"B","2016W38",36.5,36.3,205,20,113,38.2177214,18.2122789,598.056213,-39.022256,1007,8.4347833333,39.266666667,88,1.256329,"2016W46",36.65,124.81,2016,38,"2016-09-18",2016,46,"2016-11-12",55,73.8520710059172,1.0301666667,3.6483333333,4.30206405199538
143,"B","2016W39",36.5,36.3,205,20,114,37.0803801,13.315463,578.253174,-36.997266,1031,8.64513,34.866666667,80,1.365216,"2016W47",30.75,105.06,2016,39,"2016-09-23",2016,47,"2016-11-19",57,62.1656804733728,0.7863333333,2.775,4.12980308659083
144,"B","2016W39",36.5,36.3,205,20,114,35.8155233,11.2280943,572.035217,-35.479731,1054,8.9253833333,35.566666667,81,1.358574,"2016W47",37,129.95,2016,39,"2016-09-25",2016,47,"2016-11-23",59,76.8934911242604,0.7505,2.6766666667,4.34242123215252
146,"B","2016W40",36.5,36.3,205,20,104,36.3044967,45.2469071,673.51593,-41.947107,1005,11.547523333,61.866666667,112,1.345047,"2016W47",66.2,220.62,2016,40,"2016-10-02",2016,47,"2016-11-19",48,130.544378698225,0.9545,3.48,4.87171323560625
122,"B","2016W30",36.5,36.1,205,15,114,35.6944134,13.9744589,551.950073,-34.864533,1027,9.24799,37.933333333,81,1.313012,"2016W48",34.74,107.41,2016,30,"2016-07-22",2016,48,"2016-11-26",127,63.5562130177515,0.7393333333,2.485,4.15192475867497
141,"B","2016W38",36.5,36.3,205,15,112,36.996615,18.4667467,592.427979,-39.32402,1029,7.20079,35.133333333,93,1.271232,"2016W48",43.34,124.68,2016,38,"2016-09-16",2016,48,"2016-11-30",75,73.7751479289941,1.0146666667,3.5583333333,4.30102192596415
149,"B","2016W50",36.5,36.3,205,20,108,36.5823649,43.5138332,651.594605,-39.654067,997,8.7676033333,62.133333333,81,1.174093,"2017W04",36.35,108.88,2016,50,"2016-12-09",2017,4,"2017-01-23",45,64.4260355029586,0.9613333333,3.48,4.16551782940823
150,"B","2016W50",36.5,36.3,205,20,105,35.931139,45.8930292,651.809387,-41.025357,983,9.8915666667,64.366666667,97,1.241423,"2017W04",46.22,140.15,2016,50,"2016-12-11",2017,4,"2017-01-27",47,82.9289940828402,0.9613333333,3.48,4.41798474867581
151,"B","2016W50",36.5,36.3,205,20,105,36.4184528,43.4817961,650.641724,-40.289347,983,7.8491833333,64.766666667,86,1.183134,"2017W05",39.91,108.2,2016,50,"2016-12-13",2017,5,"2017-01-30",48,64.0236686390533,1.0301666667,3.48,4.1592528374774
148,"B","2016W49",36.5,36.3,205,20,84,37.7013624,40.9802676,662.667725,-39.579864,959,8.4487133333,49.133333333,77,1.22781,"2017W10",49.58,138.57,2016,49,"2016-12-04",2017,10,"2017-03-10",96,81.9940828402367,1.0301666667,3.48,4.40664708417564
152,"B","2016W51",36.5,36.3,205,20,107,36.410554,44.7008071,652.526123,-40.813256,987,8.5938466667,62.166666667,101,1.290615,"2017W17",66.65,135.64,2016,51,"2016-12-16",2017,17,"2017-04-24",129,80.2603550295858,0.9613333333,3.48,4.38527578832246
158,"B","2017W02",36.5,36.3,205,20,108,36.0562942,47.0150421,656.240112,-41.326865,990,11.681473333,65,101,1.200174,"2017W17",63.07,121.82,2017,2,"2017-01-14",2017,17,"2017-04-28",104,72.0828402366864,0.9613333333,3.48,4.27781601647336
160,"B","2017W03",36.5,36.3,205,20,109,35.7387538,43.3647273,651.845886,-39.952201,990,7.4260466667,68,83,1.174998,"2017W17",46.97,95.44,2017,3,"2017-01-17",2017,17,"2017-04-24",97,56.4733727810651,1.0648333333,3.6483333333,4.03376924885468
161,"B","2017W03",36.5,36.3,205,20,107,37.2000545,48.0257359,658.678101,-42.076967,974,9.8084133333,70.3,100,1.257467,"2017W17",53.58,197.58,2017,3,"2017-01-19",2017,17,"2017-04-28",99,116.91124260355,1.117,3.6483333333,4.76141503668134
162,"B","2017W04",36.5,36.3,205,20,108,36.3301956,45.9930323,654.741089,-40.93133,991,9.2495433333,70.8,92,1.173514,"2017W17",42.41,153.01,2017,4,"2017-01-22",2017,17,"2017-04-24",92,90.5384615384615,1.0648333333,3.6483333333,4.50577474979874
154,"B","2016W51",36.5,36.3,205,20,108,38.3493675,46.1369051,650.697205,-41.532625,945,8.6571266667,68.266666667,87,1.187905,"2017W18",54.72,144.01,2016,51,"2016-12-20",2017,18,"2017-05-01",132,85.2130177514793,1.1131666667,4.3133333333,4.44515421267431
155,"B","2017W02",36.5,36.3,205,20,107,37.2807383,48.3377729,660.438294,-40.788378,972,9.8402333333,61.766666667,98,1.265197,"2017W18",62.81,160.98,2017,2,"2017-01-08",2017,18,"2017-05-05",117,95.2544378698225,0.9613333333,3.48,4.55655160473061
168,"B","2017W06",36.5,36.3,205,20,107,35.1605206,39.7984367,644.920715,-38.666446,995,9.5900733333,66.133333333,86,1.181237,"2017W20",56.85,133.38,2017,6,"2017-02-05",2017,20,"2017-05-15",99,78.9230769230769,1.0301666667,3.48,4.36847366826918
169,"B","2017W06",36.5,36.3,205,20,108,36.8045397,47.0833948,659.597412,-41.778981,983,10.22953,64.466666667,107,1.289407,"2017W20",58.71,137.26,2017,6,"2017-02-07",2017,20,"2017-05-19",101,81.2189349112426,0.9613333333,3.48,4.39714840854551
171,"B","2017W07",36.5,36.3,205,20,107,34.7435628,35.6556355,636.34967,-38.274205,1027,7.5505666667,57.033333333,71,1.243935,"2017W21",46.55,115.3,2017,7,"2017-02-14",2017,21,"2017-05-22",97,68.2248520710059,0.8215,3.4533333333,4.22280889834003
172,"B","2017W07",36.5,36.3,205,20,109,36.5692848,46.2052808,653.107605,-41.724506,972,10.74383,67.333333333,111,1.303251,"2017W21",77.83,199.42,2017,7,"2017-02-16",2017,21,"2017-05-26",99,118,1.0648333333,3.6483333333,4.77068462446567
173,"B","2017W08",36.5,36.3,205,20,108,36.2301437,47.1290504,654.696228,-40.851734,984,10.542153333,68.3,102,1.266693,"2017W21",73.2,170.84,2017,8,"2017-02-19",2017,21,"2017-05-22",92,101.08875739645,1.1131666667,3.6483333333,4.61599891703829
174,"B","2017W08",36.5,36.3,205,20,108,38.2445027,47.4581752,656.294922,-42.537778,943,10.82044,70.233333333,108,1.239292,"2017W21",70.23,153.86,2017,8,"2017-02-21",2017,21,"2017-05-26",94,91.0414201183432,1.117,4.3283333333,4.51131456909581
175,"B","2017W08",36.5,36.3,205,20,109,36.9334946,43.2565322,651.250122,-41.060749,976,10.048566667,65.933333333,98,1.258037,"2017W21",65.56,146.93,2017,8,"2017-02-23",2017,21,"2017-05-22",88,86.9408284023669,1.0648333333,3.6483333333,4.46522775395287
176,"B","2017W09",36.5,36.3,205,20,105,36.4192429,40.36199,640.27887,-40.315397,978,8.8935333333,65.9,91,1.20122,"2017W22",84.16,185.16,2017,9,"2017-02-26",2017,22,"2017-05-29",92,109.562130177515,1.0648333333,3.6483333333,4.69649178722809
177,"B","2017W09",36.5,36.3,205,20,108,37.2434891,45.7110548,653.807617,-41.739833,973,9.7679266667,66.1,100,1.24335,"2017W22",82.56,217.52,2017,9,"2017-02-28",2017,22,"2017-06-02",94,128.710059171598,1.0648333333,3.6483333333,4.85756227138924
178,"B","2017W10",36.5,36.3,205,20,109,39.9459738,52.2773023,663.122986,-41.957136,924,10.605703333,63.5,120,1.24812,"2017W22",92.18,212.1,2017,10,"2017-03-05",2017,22,"2017-05-29",85,125.502958579882,1.117,4.739,4.83232933263566
179,"B","2017W10",36.5,36.3,205,20,106,36.5841574,45.8925701,653.351624,-40.945513,976,9.3714133333,56.933333333,99,1.251752,"2017W22",51.55,151.01,2017,10,"2017-03-07",2017,22,"2017-06-02",87,89.3550295857988,0.9613333333,3.48,4.49261753085272
180,"B","2017W11",36.5,36.3,205,20,111,36.5134439,46.3461208,646.786194,-41.338694,980,8.9995766667,63.066666667,99,1.283925,"2017W22",64.65,188.2,2017,11,"2017-03-12",2017,22,"2017-05-29",78,111.360946745562,0.9545,3.48,4.7127766982163
181,"B","2017W11",36.5,36.3,205,20,102,39.8754912,52.2023363,669.840576,-44.108727,936,9.4947266667,61.2,118,1.275838,"2017W22",78.88,228.13,2017,11,"2017-03-14",2017,22,"2017-06-02",80,134.988165680473,1.15,4.966,4.9051871129698
156,"B","2017W02",36.5,36.3,205,20,109,36.5343117,47.4165045,655.647522,-40.103528,972,10.221783333,68.166666667,94,1.230023,"2017W23",100.12,249.58,2017,2,"2017-01-10",2017,23,"2017-06-05",146,147.680473372781,1.1131666667,3.9283333333,4.99505097614473
163,"B","2017W04",36.5,36.3,205,20,109,37.3099603,47.0229408,659.405884,-41.292042,977,9.30792,67.633333333,97,1.168869,"2017W23",69.44,188.09,2017,4,"2017-01-24",2017,23,"2017-06-09",136,111.295857988166,1.1131666667,3.6483333333,4.71219204274773
164,"B","2017W04",36.5,36.3,205,20,106,39.7604052,50.3025659,663.924316,-41.343112,924,9.8463133333,71.433333333,104,1.21768,"2017W23",64.93,196.21,2017,4,"2017-01-26",2017,23,"2017-06-05",130,116.100591715976,1.15,4.966,4.75445698529703
165,"B","2017W05",36.5,36.3,205,20,107,36.2863927,46.0398988,657.400513,-41.114665,997,10.266343333,69.2,94,1.162957,"2017W23",55.4,154.54,2017,5,"2017-01-29",2017,23,"2017-06-09",131,91.4437869822485,1.0648333333,3.48,4.51572443357046
166,"B","2017W05",36.5,36.3,205,20,108,37.9468701,49.4780611,665.107422,-41.603071,975,10.09992,65.633333333,109,1.304426,"2017W23",55.2,157.35,2017,5,"2017-01-31",2017,23,"2017-06-05",125,93.1065088757396,1.104,3.6483333333,4.53374409457543
167,"B","2017W05",36.5,36.3,205,20,105,35.8167523,42.2122835,646.430481,-40.034566,1006,8.4471133333,65.466666667,88,1.205743,"2017W24",57.63,191.58,2017,5,"2017-02-02",2017,24,"2017-06-12",130,113.360946745562,0.9613333333,3.48,4.73057694701976
182,"B","2017W11",36.5,36.3,205,20,109,39.6580197,49.5185272,674.899292,-42.137914,1007,9.0471133333,57.766666667,98,1.250222,"2017W24",68.63,218.87,2017,11,"2017-03-16",2017,24,"2017-06-16",92,129.508875739645,1.0648333333,3.585,4.86374941732101
183,"B","2017W12",36.5,36.3,205,20,107,38.9531787,50.2467084,667.806702,-41.832661,992,9.0766333333,61.866666667,103,1.22616,"2017W24",70.74,166.84,2017,12,"2017-03-19",2017,24,"2017-06-12",85,98.7218934911243,1.0648333333,3.585,4.59230674039376
184,"B","2017W12",36.5,36.3,205,20,107,38.4465906,49.269275,664.223084,-42.903411,958,10.372413333,61.5,107,1.265493,"2017W24",76.59,179.09,2017,12,"2017-03-21",2017,24,"2017-06-16",87,105.970414201183,1.104,3.585,4.66315994384366
185,"B","2017W13",36.5,36.3,205,20,107,39.611334,50.205342,662.683472,-41.71366,932,9.6593866667,62.466666667,108,1.23302,"2017W24",65.84,160.45,2017,13,"2017-03-26",2017,24,"2017-06-12",78,94.9408284023669,1.117,4.739,4.55325383862088
186,"B","2017W15",36.5,36.3,205,20,110,38.1823856,48.5552628,665.464172,-41.813988,954,10.30699,65.766666667,112,1.261346,"2017W25",58.92,122.32,2017,15,"2017-04-09",2017,25,"2017-06-19",71,72.3786982248521,1.117,3.6483333333,4.28191203268582
187,"B","2017W16",36.5,36.3,205,20,106,39.7115574,50.4539484,664.99707,-42.922318,938,10.77952,66.2,130,1.319945,"2017W25",37.02,103.07,2017,16,"2017-04-16",2017,25,"2017-06-23",68,60.9881656804734,1.117,4.739,4.11067984011372
188,"B","2017W16",36.5,36.3,205,20,106,38.2663814,47.3527862,657.490112,-41.84769,945,9.8678566667,68.733333333,110,1.308796,"2017W26",19.05,102.21,2017,16,"2017-04-18",2017,26,"2017-06-26",69,60.4792899408284,1.117,4.3133333333,4.102300991406
189,"B","2017W16",36.5,36.3,205,20,108,36.9978705,46.6204013,660.854675,-41.528321,993,10.338056667,62.333333333,107,1.317977,"2017W26",9.52,92.53,2017,16,"2017-04-20",2017,26,"2017-06-30",71,54.7514792899408,0.9545,3.48,4.00280438732596
200,"B","2017W20",36.5,36.3,205,20,103,38.298194,44.3412321,662.350586,-43.272058,986,9.36058,66.4,104,1.27441,"2017W28",54.15,155.44,2017,20,"2017-05-16",2017,28,"2017-07-10",55,91.9763313609467,1.117,3.6483333333,4.5215312761342
201,"B","2017W20",36.5,36.3,205,20,108,39.0004317,43.7863825,654.439514,-42.739125,945,8.90985,66.5,96,1.289422,"2017W28",62.24,170.04,2017,20,"2017-05-18",2017,28,"2017-07-14",57,100.615384615385,1.117,4.3283333333,4.61130517455561
202,"B","2017W21",36.5,36.3,205,20,107,35.6863042,40.882395,653.968628,-41.656949,1028,7.8816233333,61.766666667,90,1.252969,"2017W29",60.22,143.79,2017,21,"2017-05-21",2017,29,"2017-07-17",57,85.0828402366864,0.8215,3.4533333333,4.44362537290467
190,"B","2017W17",36.5,36.3,205,20,102,37.3434623,46.7367898,658.725098,-44.559071,990,11.10204,64.266666667,103,1.233437,"2017W30",63.74,169.38,2017,17,"2017-04-23",2017,30,"2017-07-24",92,100.224852071006,0.9613333333,3.48,4.60741618255847
203,"B","2017W21",36.5,36.3,205,20,107,38.6444832,48.0353648,666.155518,-41.955445,947,9.8635666667,68.4,112,1.283857,"2017W30",76.56,193.46,2017,21,"2017-05-23",2017,30,"2017-07-28",66,114.473372781065,1.117,4.3283333333,4.74034224381942
191,"B","2017W17",36.5,36.3,205,20,109,38.2978446,46.5984188,664.913696,-43.231011,995,8.1650633333,61.6,113,1.233783,"2017W31",67.07,221.86,2017,17,"2017-04-25",2017,31,"2017-07-31",97,131.278106508876,0.9545,3.585,4.87731802337553
192,"B","2017W17",36.5,36.3,205,20,105,35.5159594,42.0793413,653.914917,-42.16966,1036,9.9568,61.566666667,97,1.244717,"2017W31",64.29,171.56,2017,17,"2017-04-27",2017,31,"2017-08-04",99,101.514792899408,0.8215,3.4533333333,4.62020453071369
196,"B","2017W19",36.5,36.3,205,20,106,36.8988817,44.1478587,657.94281,-42.649804,1002,9.19025,62.133333333,94,1.237121,"2017W31",68.32,200.77,2017,19,"2017-05-09",2017,31,"2017-07-31",83,118.798816568047,0.9545,3.48,4.7774314453305
194,"B","2017W18",36.5,36.3,205,20,103,36.7703163,45.1637493,657.448425,-44.050097,989,9.8962033333,60.3,105,1.268575,"2017W32",62.36,183.35,2017,18,"2017-05-02",2017,32,"2017-08-07",97,108.491124260355,0.9613333333,3.48,4.68666836558235
197,"B","2017W19",36.5,36.3,205,20,107,38.3187786,46.0822726,662.255371,-42.970284,968,9.53866,64.9,106,1.236046,"2017W32",71.72,174.61,2017,19,"2017-05-11",2017,32,"2017-08-11",92,103.319526627219,1.117,3.6483333333,4.63782638659905
198,"B","2017W19",36.5,36.3,205,20,105,36.7309823,42.061156,653.524719,-43.611769,1006,8.6624833333,63.9,99,1.283931,"2017W32",66.5,194.91,2017,19,"2017-05-13",2017,32,"2017-08-07",86,115.331360946746,0.9613333333,3.48,4.74780938462557
199,"B","2017W20",36.5,36.3,205,20,109,37.9436426,45.6078535,663.530029,-42.836037,979,9.57747,66,96,1.263419,"2017W32",58.05,169.52,2017,20,"2017-05-14",2017,32,"2017-08-11",89,100.307692307692,1.117,3.6483333333,4.60824238502506
204,"B","2017W21",36.5,36.3,205,20,104,35.9686439,41.217767,656.568787,-40.35209,1016,7.3576566667,61.933333333,87,1.271983,"2017W32",51.3,142.77,2017,21,"2017-05-25",2017,32,"2017-08-07",74,84.4792899408284,0.8215,3.4533333333,4.43650641486615
562,"A","2017W24",36.5,36.3,205,20,106,34.3584503,36.6643469,642.348084,-39.252066,1033,7.6660533333,62.1,77,1.2697,"2017W36",12.46,136.79,2017,24,"2017-06-13",2017,36,"2017-09-04",83,136.79,0.8215,3.4533333333,4.91844690310135
563,"A","2017W24",36.5,36.3,205,20,106,36.5879522,42.86811,656.187988,-42.173854,993,8.5210233333,61.833333333,92,1.2759,"2017W36",9.93,108.16,2017,24,"2017-06-15",2017,36,"2017-09-08",85,108.16,0.9613333333,3.48,4.68361161229465
564,"A","2017W25",36.5,36.3,205,20,105,36.838456,45.140436,661.039917,-42.782971,987,9.7076233333,65.966666667,104,1.2698,"2017W36",9.25,67.31,2017,25,"2017-06-18",2017,36,"2017-09-04",78,67.31,1.0301666667,3.48,4.20930881402262
565,"A","2017W25",36.5,36.3,205,20,105,38.5456062,48.3381419,665.995117,-42.783993,960,10.065776667,68.5,112,1.255,"2017W36",12.66,87.09,2017,25,"2017-06-20",2017,36,"2017-09-08",80,87.09,1.117,4.739,4.46694206670465
566,"A","2017W26",36.5,36.3,205,20,103,35.4953627,41.7503214,657.138611,-41.757378,1035,8.68361,64.9,94,1.2739,"2017W36",12.27,100.69,2017,26,"2017-06-29",2017,36,"2017-09-04",67,100.69,0.9613333333,3.4533333333,4.61204648992752
205,"B","2017W22",36.5,36.3,205,20,107,37.1200629,44.9324671,663.036804,-42.487381,984,9.1787133333,66.5,102,1.264113,"2017W37",55.23,138.34,2017,22,"2017-05-28",2017,37,"2017-09-11",106,81.8579881656805,1.0648333333,3.6483333333,4.40498589423746
206,"B","2017W23",36.5,36.3,205,20,108,36.6866419,44.452823,654.331604,-41.122579,991,8.5659733333,64.566666667,100,1.217017,"2017W37",56.8,136.74,2017,23,"2017-06-04",2017,37,"2017-09-15",103,80.9112426035503,0.9613333333,3.48,4.39335278355067
209,"B","2017W24",36.5,36.3,205,20,107,35.0262051,38.3411523,648.995972,-40.732661,1036,7.66894,61.1,85,1.223838,"2017W37",50.77,152.14,2017,24,"2017-06-11",2017,37,"2017-09-11",92,90.0236686390533,0.8215,3.4533333333,4.50007262063417
210,"B","2017W26",36.5,36.3,205,20,107,36.030829,41.1636842,654.877502,-41.987699,1018,8.57545,67.433333333,86,1.231257,"2017W37",48.54,139.71,2017,26,"2017-06-25",2017,37,"2017-09-15",82,82.6686390532545,1.0301666667,3.48,4.41484031672741
207,"B","2017W23",36.5,36.3,205,20,108,37.6165509,45.1704961,661.527588,-42.054037,975,8.9104133333,65.066666667,106,1.257873,"2017W38",52.98,141.86,2017,23,"2017-06-06",2017,38,"2017-09-18",104,83.9408284023669,1.0648333333,3.6483333333,4.43011212683896
208,"B","2017W23",36.5,36.3,205,20,103,37.8279987,45.7800619,661.424316,-42.94969,962,9.17792,64,104,1.206055,"2017W38",79.2,195.63,2017,23,"2017-06-08",2017,38,"2017-09-22",106,115.757396449704,1.0648333333,3.6483333333,4.75149659113824
211,"B","2017W26",36.5,36.3,205,20,104,35.7330786,44.4485261,659.920288,-42.595322,1014,9.6565533333,67.6,103,1.180163,"2017W38",53,130.4,2017,26,"2017-06-27",2017,38,"2017-09-18",83,77.1597633136095,0.9613333333,3.48,4.34587812055757
212,"B","2017W28",36.5,36.3,205,20,107,36.432656,43.9056017,657.892212,-42.994722,1015,8.4397633333,58.7,100,1.254131,"2017W38",56.45,141.66,2017,28,"2017-07-09",2017,38,"2017-09-22",75,83.8224852071006,0.8701666667,3.4533333333,4.42870129139049
213,"B","2017W28",36.5,36.3,205,20,103,37.9200158,45.8842829,663.430298,-42.770743,987,9.7356166667,63.5,106,1.268358,"2017W39",84.15,190.79,2017,28,"2017-07-11",2017,39,"2017-09-25",76,112.89349112426,0.9613333333,3.585,4.72644481780423
214,"B","2017W29",36.5,36.3,205,20,104,34.8793614,39.838611,645.328674,-40.761826,1022,9.4928766667,60.633333333,95,1.272716,"2017W39",62.23,148.4,2017,29,"2017-07-16",2017,39,"2017-09-29",75,87.810650887574,0.8215,3.4533333333,4.4751828017983
215,"B","2017W29",36.5,36.3,205,20,112,35.9003984,43.9915098,652.848572,-41.737714,992,10.441993333,64.433333333,96,1.255978,"2017W39",42.81,129.64,2017,29,"2017-07-18",2017,39,"2017-09-25",69,76.7100591715976,0.9613333333,3.48,4.34003284933836
216,"B","2017W30",36.5,36.3,205,20,105,36.2690598,38.291717,644.179688,-40.968814,1001,6.0788966667,58.8,91,1.275736,"2017W39",53.46,166.6,2017,30,"2017-07-23",2017,39,"2017-09-29",68,98.5798816568047,0.9613333333,3.4533333333,4.59086720079776
218,"B","2017W31",36.5,36.3,205,20,106,34.4811797,31.926074,624.282776,-37.483691,1020,7.3073966667,60.233333333,71,1.241429,"2017W40",55.21,195.42,2017,31,"2017-07-30",2017,40,"2017-10-02",64,115.633136094675,0.9613333333,3.4533333333,4.75042255958122
219,"B","2017W31",36.5,36.3,205,20,100,35.987423,37.2880067,640.36853,-41.186297,1026,8.12411,59.366666667,78,1.19763,"2017W42",34.2,91.72,2017,31,"2017-08-01",2017,42,"2017-10-16",76,54.2721893491124,0.8215,3.4533333333,3.99401192905472
220,"B","2017W32",36.5,36.3,205,20,104,34.8202987,37.3565517,639.768921,-39.539573,1018,8.1165833333,62.033333333,88,1.227501,"2017W42",43.75,111.94,2017,32,"2017-08-06",2017,42,"2017-10-20",75,66.2366863905325,0.8215,3.4533333333,4.19323448452823
222,"B","2017W34",36.5,36.3,205,20,105,35.1066954,43.0325759,647.930176,-40.923848,1009,9.2440866667,62.666666667,94,1.268037,"2017W43",48.58,172.84,2017,34,"2017-08-20",2017,43,"2017-10-23",64,102.272189349112,0.8215,3.4533333333,4.62763778212875
224,"B","2017W35",36.5,36.3,205,20,104,36.5036709,38.0024643,647.372009,-39.531461,1012,7.4320866667,60.933333333,86,1.27786,"2017W43",37.09,145.37,2017,35,"2017-08-27",2017,43,"2017-10-27",61,86.0177514792899,0.8215,3.4533333333,4.45455368750325
225,"B","2017W35",36.5,36.3,205,20,103,36.0876191,41.795134,650.804688,-41.579605,985,7.97295,61.6,94,1.294631,"2017W43",32.94,135.4,2017,35,"2017-08-29",2017,43,"2017-10-23",55,80.1183431952663,0.9613333333,3.48,4.38350483154319
226,"B","2017W36",36.5,36.3,205,20,107,35.3230881,36.8618016,642.731323,-39.702712,1021,8.0148266667,61,85,1.382041,"2017W44",49.75,151.94,2017,36,"2017-09-03",2017,44,"2017-10-30",57,89.905325443787,0.8215,3.4533333333,4.49875717714009
221,"B","2017W33",36.5,36.3,205,20,100,36.1820786,43.2997254,652.836975,-41.281293,995,8.1883533333,62.833333333,93,1.247158,"2017W47",36.2,124.64,2017,33,"2017-08-13",2017,47,"2017-11-20",99,73.7514792899408,0.9613333333,3.48,4.30070105318746
227,"B","2017W37",36.5,36.3,205,20,107,35.9301161,37.6258463,649.358521,-40.432969,1020,7.4486233333,60.233333333,91,1.295573,"2017W48",35.61,115.51,2017,37,"2017-09-10",2017,48,"2017-11-27",78,115.51,0.8215,3.4533333333,4.74935710630059
228,"B","2017W38",36.5,36.3,205,20,105,35.9825199,37.5915449,642.549805,-40.952447,1004,8.01663,63.033333333,89,1.329888,"2017W49",60.77,86.69,2017,38,"2017-09-17",2017,49,"2017-12-04",78,86.69,0.9613333333,3.48,4.46233853688055
229,"B","2017W38",36.5,36.3,205,20,114,35.2548818,36.9270645,648.441406,-40.838015,1076,8.81963,56.933333333,89,1.285368,"2018W02",53.36,71.03,2017,38,"2017-09-19",2018,2,"2018-01-09",112,71.03,0.8215,3.4533333333,4.26310232300972
230,"B","2017W39",36.5,36.3,205,20,111,34.5641656,34.2195718,632.214722,-40.662636,1015,8.39722,63.466666667,92,1.298319,"2018W02",61.74,77.9,2017,39,"2017-09-24",2018,2,"2018-01-13",111,77.9,1.0301666667,3.48,4.3554259528767
233,"B","2017W49",36.5,36.3,205,20,106,32.2400502,35.4044756,616.832398,-38.865993,1093,9.1577666667,54.5,83,1.334532,"2018W06",58.19,120.25,2017,49,"2017-12-05",2018,6,"2018-02-06",63,120.25,0.9613333333,3.4533333333,4.78957290898587
237,"B","2018W03",36.5,36.3,205,20,108,32.7234397,30.3850905,597.039307,-37.291145,1045,8.1029166667,58,74,1.236138,"2018W12",37.36,72.11,2018,3,"2018-01-15",2018,12,"2018-03-20",64,72.11,0.9771666667,3.5583333333,4.27819273092867
232,"B","2017W49",36.5,36.3,205,20,106,32.6913253,32.6697239,612.643127,-37.671874,1083,7.85718,54.1,73,1.231671,"2018W14",53.69,66.9,2017,49,"2017-12-03",2018,14,"2018-04-03",121,66.9,0.9613333333,3.4533333333,4.20319896713418
234,"B","2018W01",36.5,36.3,205,20,106,34.7540903,38.1066477,616.252502,-39.863348,993,10.642203333,60.033333333,94,1.291547,"2018W16",65.39,75.26,2018,1,"2018-01-01",2018,16,"2018-04-17",106,75.26,0.9613333333,3.4533333333,4.32094878516529
235,"B","2018W02",36.5,36.3,205,20,103,33.2439611,34.3147604,614.624023,-38.591696,1055,8.2473533333,58.2,91,1.217182,"2018W16",64.39,74.08,2018,2,"2018-01-08",2018,16,"2018-04-21",103,74.08,0.9613333333,3.4533333333,4.30514559033792
241,"B","2018W06",36.5,36.3,205,20,103,37.0683172,41.7517561,612.084717,-41.254093,932,9.0807133333,66.166666667,97,1.257073,"2018W17",60.11,103.95,2018,6,"2018-02-07",2018,17,"2018-04-24",76,103.95,1.109,4.3283333333,4.64391001430402
240,"B","2018W06",36.5,36.3,205,20,102,35.3618825,36.7377356,613.165222,-40.229581,946,8.2616366667,59.4,91,1.279406,"2018W19",70.13,97.43,2018,6,"2018-02-05",2018,19,"2018-05-08",92,97.43,1.104,3.9283333333,4.57913417143725
245,"B","2018W09",36.5,36.3,210,20,102,37.6581881,42.9377316,614.760925,-41.901325,921,11.070263333,69.2,114,1.284354,"2018W21",78.46,137.61,2018,9,"2018-02-26",2018,21,"2018-05-22",85,137.61,1.109,4.3283333333,4.92442359727719
247,"B","2018W10",36.5,36.3,210,20,106,36.7117652,36.9154047,608.637512,-39.796349,960,8.67328,63,94,1.343634,"2018W21",51.92,90.17,2018,10,"2018-03-07",2018,21,"2018-05-26",80,90.17,1.0301666667,3.6483333333,4.50169677751182
248,"B","2018W11",36.5,36.3,210,20,104,34.2403192,37.5904512,606.115479,-39.896916,981,9.2508533333,58.566666667,102,1.370905,"2018W21",55.35,100.41,2018,11,"2018-03-12",2018,21,"2018-05-22",71,100.41,1.0301666667,3.6483333333,4.60926180389134
242,"B","2018W07",36.5,36.3,205,20,106,34.67227,35.6347122,612.099121,-39.806554,993,9.2248533333,60.566666667,94,1.287042,"2018W22",54.06,116.53,2018,7,"2018-02-12",2018,22,"2018-05-29",106,116.53,0.9613333333,3.4533333333,4.75814875058517
244,"B","2018W08",36.5,36.3,210,20,107,36.1417533,34.4496686,606.980713,-39.448876,967,9.5155566667,61.333333333,98,1.257369,"2018W23",61.79,104.05,2018,8,"2018-02-19",2018,23,"2018-06-05",106,104.05,1.0301666667,3.6483333333,4.64487155283964
246,"B","2018W10",36.5,36.3,210,20,106,37.718353,42.616425,611.206482,-41.658452,913,10.139403333,65.666666667,114,1.327417,"2018W24",83.01,120.32,2018,10,"2018-03-05",2018,24,"2018-06-12",99,120.32,1.109,4.3283333333,4.79015486020153
249,"B","2018W11",36.5,36.3,210,20,106,35.6487224,38.3756332,604.043823,-39.888451,952,9.1104533333,60.166666667,102,1.388026,"2018W24",61.56,77.66,2018,11,"2018-03-14",2018,24,"2018-06-16",94,77.66,1.0301666667,3.6483333333,4.35234032430352
251,"B","2018W13",36.5,36.3,210,20,109,37.5723833,41.4034787,607.716675,-40.257444,911,8.9704033333,60.333333333,110,1.306482,"2018W26",75.2,114.32,2018,13,"2018-03-26",2018,26,"2018-06-26",92,114.32,1.109,4.3283333333,4.73900153362161
252,"B","2018W14",36.5,36.3,210,20,102,36.3840424,42.5434119,605.924927,-40.911092,931,10.04142,60.666666667,113,1.321499,"2018W26",74.32,116.68,2018,14,"2018-04-02",2018,26,"2018-06-30",89,116.68,1.109,3.9283333333,4.75943514499952
253,"B","2018W15",36.5,36.3,210,20,106,36.9419117,40.2263888,601.613525,-39.82998,922,10.729163333,64.6,106,1.347021,"2018W27",76.71,111.96,2018,15,"2018-04-09",2018,27,"2018-07-03",85,111.96,1.109,4.3133333333,4.71814166464725
259,"B","2018W20",36.5,36.3,210,20,104,36.7089926,39.1296626,625.461487,-41.179568,964,9.1595533333,66.766666667,102,1.276708,"2018W36",69.54,110.88,2018,20,"2018-05-14",2018,36,"2018-09-04",113,110.88,1.109,3.9283333333,4.70844853544159
260,"B","2018W20",36.5,36.3,210,20,103,35.5050987,39.7352276,624.739929,-41.328204,978,6.4231,62.433333333,98,1.281673,"2018W36",68.59,110.15,2018,20,"2018-05-16",2018,36,"2018-09-08",115,110.15,1.0301666667,3.6483333333,4.70184307324835
254,"B","2018W16",36.5,36.3,210,20,105,35.2551876,40.9175662,607.031921,-39.522828,956,9.4514966667,64.9,106,1.321324,"2018W38",83.16,104.33,2018,16,"2018-04-16",2018,38,"2018-09-18",155,104.33,1.104,3.9283333333,4.64755895247988
258,"B","2018W19",36.5,36.3,210,20,106,34.6898115,33.5806297,612.783325,-39.3135,1001,9.4260266667,60.533333333,90,1.290343,"2018W38",71.13,95.36,2018,19,"2018-05-09",2018,38,"2018-09-22",136,95.36,0.9613333333,3.4533333333,4.55765920331704
264,"B","2018W25",36.5,36.3,210,20,106,36.6718783,41.4200261,621.586975,-41.839187,952,10.824123333,64.7,106,1.303816,"2018W39",119.02,150.41,2018,25,"2018-06-18",2018,39,"2018-09-25",99,150.41,1.0301666667,3.9283333333,5.01336489866712
266,"B","2018W34",36.5,36.3,210,20,103,38.2678394,47.1310053,632.541992,-42.426345,918,11.57256,66.166666667,112.7125781,1.2712,"2018W42",74.41,105.55,2018,34,"2018-08-20",2018,42,"2018-10-16",57,105.55,1.117,4.3283333333,4.65918477429433
268,"B","2018W36",36.5,36.3,210,20,106,36.6627529,46.9202878,644.252319,-41.990492,1026,10.8887,61.466666667,111.4301595,1.279381,"2018W43",59.94,84.49,2018,36,"2018-09-03",2018,43,"2018-10-23",50,84.49,0.8215,3.19,4.43663318416475
250,"B","2018W12",36.5,36.3,210,20,105,35.4365494,36.4820676,603.266907,-39.34944,973,8.61832,60.266666667,100,1.341352,"2018W44",73.55,104.65,2018,12,"2018-03-19",2018,44,"2018-10-30",225,104.65,1.0213333333,3.78,4.65062144889201
265,"B","2018W26",36.5,36.3,210,20,107,37.478296,41.9498999,619.530579,-41.468207,926,11.17042,68.166666667,118,1.338754,"2018W44",87.29,118.54,2018,26,"2018-06-25",2018,44,"2018-11-03",131,118.54,1.1131666667,4.3133333333,4.77525045635969
269,"B","2018W36",36.5,36.3,210,20,102,34.9372617,42.2389487,627.889282,-40.209193,1038,9.6997466667,58.266666667,88.33660456,1.304099,"2018W44",53.82,78.28,2018,36,"2018-09-05",2018,44,"2018-10-30",55,78.28,0.7696666667,3.01,4.36029214252788
271,"B","2018W37",36.5,36.3,210,20,104,38.2668493,49.0686682,645.810425,-42.723637,1003,11.850413333,61.5,99.89841035,1.316017,"2018W45",42.62,67.62,2018,37,"2018-09-12",2018,45,"2018-11-06",55,67.62,0.8701666667,3.8483333333,4.21390379727974
255,"B","2018W17",36.5,36.3,210,20,105,35.0749089,37.72738,620.318726,-39.406468,1006,8.4001733333,60.2,94,1.263421,"2018W50",64.21,97.2,2018,17,"2018-04-23",2018,50,"2018-12-11",232,97.2,0.9613333333,3.4533333333,4.57677071146639
257,"B","2018W19",36.5,36.3,210,20,105,36.7186825,38.3843342,619.599121,-40.89954,964,10.2288,62.266666667,94,1.252465,"2018W51",75.69,94.78,2018,19,"2018-05-07",2018,51,"2018-12-18",225,94.78,1.104,3.9283333333,4.55155841653944
273,"B","2018W50",36.5,36.6,210,20,106,42.3490635,53.3177362,701.274902,-44.899053,913,11.38802,70.133333333,125.2061412,1.344414,"2019W07",88.86,132.1,2018,50,"2018-12-10",2019,7,"2019-02-13",65,132.1,1.1221666667,4.275,4.88355921152828
256,"B","2018W18",36.5,36.3,210,20,110,36.1511253,40.6368096,627.072083,-41.364874,968,9.9646966667,63.8,97,1.242661,"2019W14",86.74,158.37,2018,18,"2018-04-30",2019,14,"2019-04-03",338,158.37,1.104,3.9283333333,5.06493406750363
283,"B","2019W11",36.5,35.7,210,17,108,34.5744325,28.6463149,597.760376,-36.341222,992,8.56603,62.233333333,82.53566387,1.271402,"2019W19",77.22,100.92,2019,11,"2019-03-12",2019,19,"2019-05-08",57,100.92,0.7028333333,3.2666666667,4.61432812377286
286,"B","2019W12",36.5,35.7,210,17,112,34.8479128,30.7230747,605.901428,-36.482461,998,9.3697966667,61.466666667,88.7373604,1.353601,"2019W19",64.15,94.31,2019,12,"2019-03-19",2019,19,"2019-05-12",54,94.31,0.707,2.9466666667,4.54658722855579
289,"B","2019W13",36.5,35.7,210,17,111,34.8942103,26.277761,591.298584,-34.951865,994,8.19332,58.633333333,77.86685842,1.344559,"2019W19",66.35,142.3,2019,13,"2019-03-26",2019,19,"2019-05-08",43,142.3,0.6278333333,2.6833333333,4.95793750509581
290,"B","2019W13",36.5,35.7,210,17,111,37.5105989,29.9331436,594.780884,-37.090343,945,9.0508166667,59.733333333,88.2564534,1.331899,"2019W20",71.9,114.23,2019,13,"2019-03-28",2019,20,"2019-05-15",48,114.23,0.7685,2.9166666667,4.73821395974586
293,"B","2019W14",36.5,35.7,210,17,115,34.4314202,26.248834,591.330505,-34.499439,1012,8.2719666667,57.4,86.64341117,1.299543,"2019W21",56.61,84.35,2019,14,"2019-04-04",2019,21,"2019-05-22",48,84.35,0.6318333333,2.68,4.43497480899198
296,"B","2019W15",36.5,35.7,210,17,110,33.2372554,43.8281326,648.70813,-38.194047,1086,10.983386667,54.7,115.2573777,1.246607,"2019W21",50.26,73.02,2019,15,"2019-04-11",2019,21,"2019-05-26",45,73.02,0.6198333333,2.875,4.29073337622749
281,"B","2019W10",36.5,35.7,210,17,112,39.4617046,39.4331912,675.202026,-41.480541,961,8.67198,64.533333333,86.28273092,1.316024,"2019W22",71.68,133.06,2019,10,"2019-03-07",2019,22,"2019-05-29",83,133.06,0.879,3.4133333333,4.89080015431374
282,"B","2019W10",36.5,35.7,210,17,111,36.4691637,37.040872,618.844605,-38.203373,960,9.07369,62.366666667,93.0655234,1.310263,"2019W22",55.22,99.09,2019,10,"2019-03-09",2019,22,"2019-06-02",85,99.09,0.8428333333,3.43,4.59602852807081
288,"B","2019W12",36.5,35.7,210,17,105,34.4939659,33.9864173,610.637512,-37.424117,989,9.68495,62.666666667,95.00918919,1.33823,"2019W23",79.75,110.72,2019,12,"2019-03-23",2019,23,"2019-06-05",74,110.72,0.7445,3.3433333333,4.70700449186936
299,"B","2019W16",36.5,35.7,210,17,108,33.0815952,42.1728775,646.855225,-38.148058,1111,10.440106667,54.233333333,111.8810098,1.364993,"2019W26",79.07,126.35,2019,16,"2019-04-18",2019,26,"2019-06-30",73,126.35,0.6085,2.9333333333,4.8390558338342
300,"B","2019W16",36.5,35.7,210,17,110,34.2124896,44.9475114,650.18457,-37.912612,1069,9.9720666667,56.866666667,120.0764666,1.30667,"2019W26",70.27,103.76,2019,16,"2019-04-20",2019,26,"2019-06-26",67,103.76,0.654,3.1666666667,4.64208054000819
301,"B","2019W17",36.5,35.7,210,17,92,34.3086636,43.274475,638.134277,-40.877578,1010,10.86077,58.766666667,117.1910246,1.328151,"2019W26",85.88,121.04,2019,17,"2019-04-23",2019,26,"2019-06-30",68,121.04,0.6333333333,3.0316666667,4.7961210694801
302,"B","2019W17",36.5,35.7,210,17,110,32.5136315,40.6324768,640.059815,-37.411326,1142,11.06548,50.466666667,120.2067122,1.338109,"2019W26",61.78,96.3,2019,17,"2019-04-25",2019,26,"2019-06-26",62,96.3,0.5018333333,2.47,4.56746831880408
297,"B","2019W15",36.5,35.7,210,17,107,34.0785716,44.7506256,645.008423,-38.402712,1050,10.70414,55.533333333,111.6605941,1.260777,"2019W27",96.85,136.13,2019,15,"2019-04-13",2019,27,"2019-07-03",81,136.13,0.7066666667,3.1066666667,4.91361031152438
292,"B","2019W14",36.5,35.7,210,17,112,35.961344,28.6093363,595.491821,-36.693515,978,6.3870766667,60.1,87.68537633,1.350532,"2019W28",81.05,112.82,2019,14,"2019-04-02",2019,28,"2019-07-10",99,112.82,0.679,2.81,4.72579362831183
295,"B","2019W15",36.5,35.7,210,17,113,37.0191487,30.7920854,599.762024,-37.755489,947,9.2252,62.5,95.62034183,1.312839,"2019W28",84.54,113.3,2019,15,"2019-04-09",2019,28,"2019-07-14",96,113.3,0.7998333333,3.105,4.73003916803396
310,"B","2019W22",36.5,35.7,210,17,113,35.9180786,46.8240645,656.81543,-38.991048,1064,10.205853333,51.966666667,121.0683372,1.244571,"2019W33",76.87,107.04,2019,22,"2019-05-30",2019,33,"2019-08-14",76,107.04,0.6935,3.0116666667,4.67320259637992
312,"B","2019W23",36.5,35.7,210,17,117,35.7517105,27.9500043,588.095581,-36.394732,1005,8.3889866667,45.533333333,88.74737929,1.31241,"2019W33",65.89,97.29,2019,23,"2019-06-06",2019,33,"2019-08-18",73,97.29,0.7863333333,2.6766666667,4.57769620898734
569,"A","2019W18",36.5,35.7,210,17,109,32.6324062,38.9478468,641.235474,-37.096359,1114,10.481643333,46.3,104.3635307,1.2642,"2019W35",14.92,133.15,2019,18,"2019-05-02",2019,35,"2019-08-28",118,133.15,0.5671666667,2.8883333333,4.89147631225994
279,"B","2019W09",36.5,35.7,210,17,109,37.7912392,34.5426655,666.075684,-40.666417,1001,8.2193566667,61.5,81.97460571,1.3728,"2019W37",73.84,92.77,2019,9,"2019-02-28",2019,37,"2019-09-11",195,92.77,0.796,3.3583333333,4.53012331166518
280,"B","2019W10",36.5,35.7,210,17,111,40.3574281,43.2313344,686.286804,-42.933496,952,8.87834,64.333333333,93.24586352,1.363166,"2019W37",87.51,101.87,2019,10,"2019-03-05",2019,37,"2019-09-15",194,101.87,0.8823333333,3.805,4.62369749060197
322,"B","2019W26",36.5,35.7,210,17,111,35.2311831,23.4556107,580.261292,-35.274218,1009,7.5665566667,56.533333333,81.1338939,1.261008,"2019W38",63.11,88.59,2019,26,"2019-06-29",2019,38,"2019-09-18",81,88.59,0.8251666667,3.2566666667,4.48401898442394
326,"B","2019W28",36.5,36.1,210,17,109,38.4895294,31.7835563,599.282776,-39.274372,932,10.29933,60.766666667,90.60690581,1.293527,"2019W38",60.16,85.14,2019,28,"2019-07-11",2019,38,"2019-09-22",73,85.14,1.0723333333,4.115,4.44429696040001
303,"B","2019W17",36.5,35.7,210,17,108,31.9573148,35.0971696,629.45813,-35.688518,1123,10.377433333,51.533333333,106.1001069,1.359511,"2019W39",60.98,103.53,2019,17,"2019-04-27",2019,39,"2019-09-25",151,103.53,0.5386666667,2.69,4.63986142577802
319,"B","2019W25",36.5,37.1,210,17,112,37.5213979,22.8851537,560.873596,-43.383051,973,11.705403333,43.866666667,105.7193888,1.218668,"2019W39",52.89,90.67,2019,25,"2019-06-22",2019,39,"2019-09-29",99,90.67,0.9771666667,2.0766666667,4.50722654165796
329,"B","2019W30",36.5,36.1,210,17,103,35.4889475,29.5472305,594.910706,-38.278933,980,8.51746,59.966666667,84.22866273,1.279187,"2019W39",46.98,81.02,2019,30,"2019-07-23",2019,39,"2019-09-25",64,81.02,0.9771666667,3.5583333333,4.39469603777454
321,"B","2019W26",36.5,35.7,210,17,105,35.673816,26.6122852,591.826721,-36.882631,987,7.32801,61.833333333,74.6612981,1.270494,"2019W40",62.57,91.33,2019,26,"2019-06-27",2019,40,"2019-10-02",97,91.33,0.7511666667,2.9566666667,4.51447932070359
323,"B","2019W27",36.5,35.7,210,17,113,35.4044028,31.7280605,608.143005,-36.774159,984,8.36964,62.166666667,89.85208415,1.29448,"2019W40",67.57,101.97,2019,27,"2019-07-02",2019,40,"2019-10-06",96,101.97,0.6046666667,2.39,4.62467865237613
324,"B","2019W27",36.5,35.7,210,17,109,37.0402077,22.7968625,579.262878,-35.311975,969,6.96485,58.466666667,62.51810454,1.312853,"2019W40",58.38,88.75,2019,27,"2019-07-04",2019,40,"2019-10-02",90,88.75,0.8326666667,3.0333333333,4.48582342835553
330,"B","2019W30",36.5,36.1,210,17,105,34.1559038,33.7249627,601.882813,-38.784869,989,9.71311,61.7,91.57873871,1.243843,"2019W40",50.62,101.44,2019,30,"2019-07-25",2019,40,"2019-10-06",73,101.44,0.969,3.9233333333,4.61946749068892
331,"B","2019W31",36.5,36.1,210,17,103,35.9182127,34.5045934,603.107483,-39.788391,955,9.5337566667,65.366666667,97.04176052,1.277207,"2019W40",61.52,130.66,2019,31,"2019-07-30",2019,40,"2019-10-02",64,130.66,1.0256666667,4.1633333333,4.8725985294126
309,"B","2019W22",36.5,35.7,210,17,111,34.2651797,46.4633187,655.939087,-38.838119,1059,11.706223333,53.7,116.5598341,1.258325,"2019W42",78.86,125.12,2019,22,"2019-05-28",2019,42,"2019-10-20",145,125.12,0.7003333333,3.2083333333,4.829273276797
314,"B","2019W24",36.5,37.1,190,17,112,36.7455122,30.8333861,575.86792,-47.487477,967,11.478906667,50.866666667,119.3751439,1.294195,"2019W42",71.32,113.16,2019,24,"2019-06-11",2019,42,"2019-10-16",127,113.16,1.1123333333,2.9866666667,4.72880274643337
327,"B","2019W28",36.5,36.1,210,17,105,38.2999845,32.9992083,599.605774,-38.880948,926,9.94523,61.266666667,88.81420435,1.301967,"2019W43",74.71,109.58,2019,28,"2019-07-13",2019,43,"2019-10-23",102,109.58,0.9411666667,3.4333333333,4.69665487611027
328,"B","2019W29",36.5,36.1,210,17,100,36.1420426,28.6180147,594.979981,-36.885408,982,9.65258,61.233333333,80.82252996,1.326313,"2019W44",55.63,113.99,2019,29,"2019-07-16",2019,44,"2019-10-30",106,113.99,0.9133333333,3.3133333333,4.73611072524869
311,"B","2019W23",36.5,35.7,210,17,114,31.3189605,37.7307677,632.119507,-36.308239,1142,10.64841,48.266666667,108.2341317,1.302337,"2019W46",49.28,81.55,2019,23,"2019-06-04",2019,46,"2019-11-13",162,81.55,0.5895,2.585,4.40121632906702
332,"B","2019W32",36.5,36.1,210,17,103,36.1242008,30.7987227,598.138916,-38.954191,964,8.4680233333,64.1,91.02205773,1.277896,"2019W46",58.43,96.38,2019,32,"2019-08-06",2019,46,"2019-11-17",103,96.38,0.9883333333,3.6983333333,4.56829871121219
325,"B","2019W28",36.5,35.7,210,17,108,34.693897,18.3682663,561.234985,-33.594707,1025,6.96815,55.6,67.75467985,1.313884,"2019W47",73.49,114.4,2019,28,"2019-07-09",2019,47,"2019-11-20",134,114.4,0.7178333333,2.86,4.7397010789457
333,"B","2019W34",36.5,36.1,210,17,101,33.5974209,30.8845699,596.549805,-38.86281,1003,10.671013333,56.1,89.6067671,1.251833,"2019W47",71.57,104.78,2019,34,"2019-08-20",2019,47,"2019-11-24",96,104.78,0.9151666667,3.585,4.65186291398007
334,"B","2019W35",36.5,36.1,210,17,101,36.6909065,30.6063112,599.951416,-38.598455,955,9.51887,61.833333333,89.40862642,1.255644,"2019W48",67.46,114.46,2019,35,"2019-08-27",2019,48,"2019-11-27",92,114.46,0.9835,3.645,4.74022541698096
335,"B","2019W38",36.5,36.1,210,17,100,34.3451406,38.1490127,606.461426,-40.038367,973,11.01961,64.266666667,122.5169918,1.34798,"2019W48",67.15,114.56,2019,38,"2019-09-17",2019,48,"2019-12-01",75,114.56,1.0598333333,4.4883333333,4.74109870321234
572,"A","2019W29",36.5,36.1,210,17,105,35.723316,30.7307814,598.203674,-38.799668,967,8.9615933333,59.533333333,86.47425719,1.2519,"2019W51",17.96,160.27,2019,29,"2019-07-18",2019,51,"2019-12-18",153,160.27,1.0213333333,3.78,5.07685989300548
337,"B","2019W39",36.5,36.1,210,17,105,33.9635684,25.1745922,583.85791,-36.126294,1012,8.1657,57.233333333,84.60607356,1.298737,"2020W01",68.93,97.11,2019,39,"2019-09-24",2020,1,"2020-01-02",100,97.11,0.7505,2.775,4.57584435660626
338,"B","2019W39",36.5,36.1,210,17,104,36.7590557,29.4953739,586.976013,-38.761397,939,7.9852666667,59.933333333,85.74774133,1.266849,"2020W01",68.82,90.01,2019,39,"2019-09-26",2020,1,"2020-01-06",102,90.01,1.0146666667,3.635,4.49992077526899
341,"B","2020W02",36.5,35.7,210,17,100,34.0841359,33.082819,604.28833,-37.141157,995,9.2717733333,63.433333333,89.62563765,1.363564,"2020W11",56.8,78.92,2020,2,"2020-01-08",2020,11,"2020-03-12",64,78.92,0.5973333333,1.7916666667,4.36843468115441
342,"B","2020W03",36.5,35.7,210,17,103,34.3692626,42.9852907,636.287109,-38.370798,1010,10.757883333,58.8,108.4301324,1.399762,"2020W12",72.2,119.02,2020,3,"2020-01-15",2020,12,"2020-03-19",64,119.02,0.8771666667,2.59,4.77929154621671
574,"A","2020W05",36.5,35.7,210,17,104,32.7465111,26.6152564,579.318787,-35.047463,1025,8.7076133333,52.8,88.01940438,1.2695,"2020W15",14.17,125.97,2020,5,"2020-01-29",2020,15,"2020-04-09",71,125.97,0.7393333333,3.5033333333,4.83604378336421
576,"A","2020W05",36.5,35.7,210,17,104,35.1265118,33.2572824,596.533875,-36.621109,959,10.831786667,62.6,97.63024906,1.2752,"2020W15",15.37,143.14,2020,5,"2020-02-02",2020,15,"2020-04-13",71,143.14,0.9831666667,4.355,4.96382317231045
577,"A","2020W06",36.5,35.7,210,17,105,33.8482359,34.032958,596.116821,-36.009165,983,10.506686667,56.966666667,98.32476281,1.2788,"2020W16",16.72,149.71,2020,6,"2020-02-05",2020,16,"2020-04-16",71,149.71,0.482,2.3866666667,5.00870008946175
346,"B","2020W07",36.5,35.7,210,17,101,32.37204,23.5463071,561.493591,-33.750156,1020,8.59954,57.166666667,88.48396988,1.358157,"2020W20",74.95,83.19,2020,7,"2020-02-14",2020,20,"2020-05-14",90,83.19,0.6973333333,3.2233333333,4.4211271482958
578,"A","2020W06",36.5,35.7,210,17,103,33.0370353,29.5715835,591.292175,-35.423075,996,10.328083333,61.166666667,93.01377531,1.2181,"2020W25",17.4,212.91,2020,6,"2020-02-07",2020,25,"2020-06-18",132,212.91,0.8563333333,3.89,5.360869541205
343,"B","2020W03",36.5,35.7,210,17,104,36.2729729,46.8748473,654.388184,-39.395657,1022,10.210276667,62,103.1275102,1.378792,"2020W27",113.47,140.71,2020,3,"2020-01-17",2020,27,"2020-07-02",167,140.71,0.574,1.86,4.94670103480016
344,"B","2020W04",36.5,35.7,210,17,103,33.5841856,38.1814038,627.413818,-37.472192,1035,11.28831,50.233333333,108.7131905,1.373996,"2020W27",85.8,122.23,2020,4,"2020-01-22",2020,27,"2020-07-06",166,122.23,0.767,3.8216666667,4.80590451578917
345,"B","2020W07",36.5,35.7,210,17,107,31.5500027,27.232379,572.069214,-34.459901,1035,9.16848,56.566666667,91.18245733,1.341981,"2020W27",78.65,115.2,2020,7,"2020-02-12",2020,27,"2020-07-02",141,115.2,0.6773333333,3.2933333333,4.74666974826179
347,"B","2020W17",36.5,35.7,210,17,103,34.048615,28.3172443,613.046875,-36.625595,1044,8.6348366667,48.566666667,85.66010031,1.262328,"2020W28",36.68,92.22,2020,17,"2020-04-22",2020,28,"2020-07-09",78,92.22,0.5445,2.3533333333,4.52417702677856
348,"B","2020W18",36.5,35.7,210,17,102,33.8121161,22.5799094,589.681274,-34.642244,1054,8.0444866667,48.1,76.20245719,1.2735,"2020W28",49.6,110.07,2020,18,"2020-04-29",2020,28,"2020-07-13",75,110.07,0.6255,2.4583333333,4.7011165270353
349,"B","2020W18",36.5,35.7,210,17,104,34.6839133,22.4236582,585.777283,-34.881483,1040,8.8622766667,49.966666667,73.6184575,1.27533,"2020W28",38.24,97.08,2020,18,"2020-05-01",2020,28,"2020-07-09",69,97.08,0.6116666667,2.485,4.5755353808584
